rank,cand_id,score,demand_total_pop,demand_underserved_pop,park_dist_m,area_m2,flood_risk_0_1,flood_norm,centroid_x,centroid_y
1,176,0.8204593513040525,3849.7242077416854,2699.974667807928,1144.614174232953,2550.0167470569,0.0,1.0,265955.0934207387,193949.1992726148
2,441,0.7128870861576434,3185.997827084927,2175.934330735744,857.4265584435113,883.3869632710997,0.39119417744760504,0.6088058225523949,267143.89098249126,198354.15096151715
3,339,0.797770031623012,2650.0449170327406,1720.260196314147,1056.4986216564641,2820.4257331285658,0.022992143335778176,0.9770078566642219,266008.8283335661,197601.243353769
4,245,0.7304545276183011,2637.358396104223,1596.3494700135511,822.7988484164705,545.6965396036759,0.0,1.0,260643.5660893033,193410.41411576993
5,233,0.74034383056525,3902.4481675702054,1517.2200288962747,473.0632345657751,2918.0640699502846,0.0,1.0,264410.2661802243,196216.63675536742
