rank,cand_id,score,demand_total_pop,demand_underserved_pop,park_dist_m,area_m2,flood_risk_0_1,flood_norm,centroid_x,centroid_y
1,176,0.697841930828986,3849.7242077416854,2699.974667807928,1144.614174232953,2550.0167470569,0.0,1.0,265955.0934207387,193949.1992726148
2,339,0.6215946577286608,2650.0449170327406,1720.260196314147,1056.4986216564641,2820.4257331285658,0.022992143335778176,0.9770078566642219,266008.8283335661,197601.243353769
3,413,0.6037791176433643,982.1014058988636,757.1638745656879,1110.4205650243484,19293.638784405866,0.010280282139884812,0.9897197178601151,262404.57733707805,196636.22065635436
4,317,0.602779789098213,402.3506612670902,381.83717988223077,1287.220815326658,29546.55851628618,0.0006236693388641954,0.9993763306611358,268496.5940709009,197198.64575792683
5,355,0.6101026568468346,1505.0499678844644,1164.391688133486,1228.2055952331957,5039.354235182646,0.00021327956318096435,0.999786720436819,267296.49185511016,198092.77407368028
6,269,0.6298743833907263,2180.9321882008185,1186.0181477734734,434.937483051792,17072.897154063478,0.0,1.0,267909.6234716786,193172.27969136607
7,233,0.6175299803796626,3902.4481675702054,1517.2200288962747,473.0632345657751,2918.0640699502846,0.0,1.0,264410.2661802243,196216.63675536742
8,297,0.6118630583221908,955.755692484335,653.6349952311663,1067.772654057493,15164.28514993946,0.0,1.0,266432.074722728,195636.1934556015
